,0
0,goldman sachs laporta tomorrow
1,goldman sachs laporta tomorrow
2,hagnews leader like financial big shark like deal dictator
3,wang qishan girlfriend gao yanyan sit
4,apology sir john good former minister successful city figure goldman
5,morgan stanley m surprised market q result goldman sachs changed rating hold morgan stanle
6,goldman sachs ipo billion
7,piloting portfolio volatile market goldman sachs
8,
9,via
10,
11,
12,goldman sachs laporta tomorrow
13,goldman sachs laporta tomorrow
14,ind uk property value could fall government mini budget last month led steep rise borrowing cost
15,outdoorsy announces b milestone company ceo receives entrepreneur award goldman sachs summit pr newswire
16,goldman sachs laporta tomorrow
17,sept cpi estimate
18,
19,credit suisse
20,barclays
21,
22,bank america
23,goldman sachs
24,jp morgan
25,mo
26,goldman sachs laporta tomorrow
27,goldman sachs laporta tomorrow
28,goldman sachs laporta tomorrow
29,sept cpi estimate
30,
31,credit suisse
32,barclays
33,
34,bank america
35,goldman sachs
36,jp morgan
37,mo
38,warning
39,
40,came
41,
42,january news
43,
44,biden mean higher oil price
45,macron goldman sachs
46,goldman sachs laporta tomorrow
47,goldman sachs laporta tomorrow
48,goldman sachs laporta tomorrow
49,capital cpi estimate
50,credit suisse
51,barclays
52,scotia bank
53,nomura
54,bmo
55,cibc
56,bofa
57,
58,goldman sachs get million national banking violation make make sense
59,goldman sachs laporta tomorrow
60,goldman sachs laporta tomorrow
61,sept cpi estimate
62,
63,credit suisse
64,barclays
65,
66,bank america
67,goldman sachs
68,jp morgan
69,mo
70,goldman sachs laporta tomorrow
71,goldman sachs hydrogen generation could grow trillion per year market
72,goldman sachs laporta tomorrow
73,sept cpi estimate
74,
75,credit suisse
76,barclays
77,
78,bank america
79,goldman sachs
80,jp morgan
81,goldman sachs laporta tomorrow
82,almost everyone point going give one dream sacrifice
83,capital cpi estimate
84,credit suisse
85,barclays
86,scotia bank
87,nomura
88,bmo
89,cibc
90,bofa
91,
92,goldman sachs
93,cpi scenario
94,
95,amp p loses
96,amp p loses
97,amp p gain
98,amp p gain
99,cpi estimate tomorrow
100,
101,credit suisse
102,barclays
103,scotiabank
104,nomura
105,bmo
106,cibc
107,bank america
108,sept cpi estimate
109,
110,credit suisse
111,barclays
112,
113,bank america
114,goldman sachs
115,jp morgan
116,mo
117,sept cpi estimate
118,
119,credit suisse
120,barclays
121,
122,bank america
123,goldman sachs
124,jp morgan
125,mo
126,cpi estimate tomorrow
127,
128,credit suisse
129,barclays
130,scotiabank
131,nomura
132,bmo
133,cibc
134,bank america
135,sept cpi estimate
136,
137,credit suisse
138,barclays
139,
140,bank america
141,goldman sachs
142,jp morgan
143,mo
144,goldman sachs laporta tomorrow
145,goldman sachs shall sanctioned american gov soon publicly giving positive view russian
146,goldman sachs laporta tomorrow
147,goldman sachs laporta tomorrow
148,goldman sachs laporta tomorrow
149,sept cpi estimate
150,
151,credit suisse
152,barclays
153,
154,bank america
155,goldman sachs
156,jp morgan
157,mo
158,sept cpi estimate
159,
160,credit suisse
161,barclays
162,
163,bank america
164,goldman sachs
165,jp morgan
166,mo
167,goldman sachs laporta tomorrow
168,goldman sachs laporta tomorrow
169,good news trend continues like soon felt market well let see
170,goldman sachs laporta tomorrow
171,sept cpi estimate
172,
173,credit suisse
174,barclays
175,
176,bank america
177,goldman sachs
178,jp morgan
179,mo
180,goldman sachs laporta tomorrow
181,goldman sachs hydrogen generation could grow trillion per year market
182,goldman sachs laporta tomorrow
183,initial bar next day seems goldman sachs ink
184,sept cpi estimate
185,
186,credit suisse
187,barclays
188,
189,bank america
190,goldman sachs
191,jp morgan
192,morga
193,goldman sachs laporta tomorrow
194,goldman sachs laporta tomorrow
195,sept cpi estimate
196,
197,credit suisse
198,barclays
199,
200,bank america
201,goldman sachs
202,jp morgan
203,united state job hiring
204,sale manager tennex legal hiredinny
205,apply job gt
206,
207,abo
208,goldman sachs laporta tomorrow
209,goldman sachs urrent activity indicator give month month view country economy farin
210,goldman sachs laporta tomorrow
211,goldman sachs laporta tomorrow
212,goldman sachs laporta tomorrow
213,cpi estimate tomorrow
214,
215,credit suisse
216,barclays
217,scotiabank
218,nomura
219,bmo
220,cibc
221,bank america
222,sept cpi estimate
223,
224,credit suisse
225,barclays
226,
227,bank america
228,goldman sachs
229,jp morgan
230,mo
231,ser please ex head hedge fund goldman sachs
232,cpi estimate tomorrow
233,
234,credit suisse
235,barclays
236,scotiabank
237,nomura
238,bmo
239,cibc
240,bank america
241,goldman sachs laporta tomorrow
242,goldman sachs
243,cool kayne
244,sept cpi estimate
245,
246,credit suisse
247,barclays
248,
249,bank america
250,goldman sachs
251,jp morgan
252,mo
253,goldman sachs laporta tomorrow
254,goldman sachs laporta tomorrow
255,goldman sachs laporta tomorrow
256,cpi estimate tomorrow
257,
258,credit suisse
259,barclays
260,scotiabank
261,nomura
262,bmo
263,cibc
264,bank america
265,sept cpi estimate
266,
267,credit suisse
268,barclays
269,
270,bank america
271,goldman sachs
272,jp morgan
273,mo
274,sept cpi estimate
275,
276,credit suisse
277,barclays
278,
279,bank america
280,goldman sachs
281,jp morgan
282,mo
283,know
284,made fortune
285,
286,gensler goldma
287,goldman sachs sound alarm uk commercial property
288,goldman sachs laporta tomorrow
289,rand result hour bank reckon
290,
291,barclays
292,credit suisse
293,bank america
294,cibc
295,goldman sac
296,sept cpi estimate
297,
298,credit suisse
299,barclays
300,
301,bank america
302,goldman sachs
303,jp morgan
304,mo
305,result minute bank calling
306,
307,barclays
308,credit suisse
309,bank america
310,cibc
311,gold
312,sept cpi estimate
313,
314,credit suisse
315,barclays
316,
317,bank america
318,goldman sachs
319,jp morgan
320,mo
321,cpi estimate tomorrow
322,
323,credit suisse
324,barclays
325,scotiabank
326,nomura
327,bmo
328,cibc
329,bank america
330,cpi estimate tomorrow
331,
332,credit suisse
333,barclays
334,scotiabank
335,nomura
336,bmo
337,cibc
338,bank america
339,sept cpi estimate
340,
341,credit suisse
342,barclays
343,
344,bank america
345,goldman sachs
346,jp morgan
347,mo
348,sept cpi estimate
349,
350,credit suisse
351,barclays
352,
353,bank america
354,goldman sachs
355,jp morgan
356,mo
357,result minute bank calling
358,
359,barclays
360,credit suisse
361,bank america
362,cibc
363,gold
364,goldman sachs laporta tomorrow
365,know would worse surprise tell u harvard education marriage inves
366,estimated cpi
367,goldman sachs
368,j p morgan
369,morgan stanley
370,bank america
371,goldman sachs laporta tomorrow
372,sept cpi estimate
373,
374,credit suisse
375,barclays
376,
377,bank america
378,goldman sachs
379,jp morgan
380,mo
381,sept cpi estimate
382,
383,credit suisse
384,barclays
385,
386,bank america
387,goldman sachs
388,jp morgan
389,mo
390,sept cpi estimate
391,
392,credit suisse
393,barclays
394,
395,bank america
396,goldman sachs
397,jp morgan
398,mo
399,goldman sachs laporta tomorrow
400,sept cpi estimate
401,
402,credit suisse
403,barclays
404,
405,bank america
406,goldman sachs
407,jp morgan
408,mo
409,sept cpi estimate
410,
411,credit suisse
412,barclays
413,
414,bank america
415,goldman sachs
416,jp morgan
417,mo
418,sept cpi estimate
419,
420,credit suisse
421,barclays
422,
423,bank america
424,goldman sachs
425,jp morgan
426,mo
427,result minute bank calling
428,
429,barclays
430,credit suisse
431,bank america
432,cibc
433,gold
434,result minute bank calling
435,
436,barclays
437,credit suisse
438,bank america
439,cibc
440,gold
441,sept cpi estimate
442,
443,credit suisse
444,barclays
445,
446,bank america
447,goldman sachs
448,jp morgan
449,mo
450,sept cpi estimate
451,
452,credit suisse
453,barclays
454,
455,bank america
456,goldman sachs
457,jp morgan
458,sept cpi estimate
459,
460,credit suisse
461,barclays
462,
463,bank america
464,goldman sachs
465,jp morgan
466,mo
467,sept cpi estimate
468,
469,credit suisse
470,barclays
471,
472,bank america
473,goldman sachs
474,jp morgan
475,mo
476,g goldman sachs analyst maintains relmada therapeutic nasdaq rlmd buy raise price target fro
477,happened call april th generac
478,gnrc maker backup generator energy
479,cpi estimate tomorrow
480,
481,credit suisse
482,barclays
483,scotiabank
484,nomura
485,bmo
486,cibc
487,bank america
488,sept cpi estimate
489,
490,credit suisse
491,barclays
492,
493,bank america
494,goldman sachs
495,jp morgan
496,mo
497,goldman sachs laporta tomorrow
498,sept cpi estimate
499,
500,credit suisse
501,barclays
502,
503,bank america
504,goldman sachs
505,jp morgan
506,mo
507,sept cpi estimate
508,
509,credit suisse
510,barclays
511,
512,bank america
513,goldman sachs
514,jp morgan
515,mo
516,goldman sachs laporta tomorrow
517,sept cpi estimate
518,
519,credit suisse
520,barclays
521,
522,bank america
523,goldman sachs
524,jp morgan
525,mo
526,sept cpi estimate
527,
528,credit suisse
529,barclays
530,
531,bank america
532,goldman sachs
533,jp morgan
534,mo
535,sept cpi estimate
536,
537,credit suisse
538,barclays
539,
540,bank america
541,goldman sachs
542,jp morgan
543,mo
544,sept cpi estimate
545,
546,credit suisse
547,barclays
548,
549,bank america
550,goldman sachs
551,jp morgan
552,mo
553,goldman sachs
554,core cpi mom
555,cpi yoy
556,sept cpi estimate
557,
558,credit suisse
559,barclays
560,
561,bank america
562,goldman sachs
563,jp morgan
564,mo
565,goldman sachs laporta tomorrow
566,goldman sachs laporta tomorrow
567,goldman sachs laporta tomorrow
568,sept cpi estimate
569,
570,credit suisse
571,barclays
572,
573,bank america
574,goldman sachs
575,jp morgan
576,mo
577,sept cpi estimate
578,
579,credit suisse
580,barclays
581,
582,bank america
583,goldman sachs
584,jp morgan
585,mo
586,sept cpi estimate
587,
588,credit suisse
589,barclays
590,
591,bank america
592,goldman sachs
593,jp morgan
594,mo
595,sept cpi estimate
596,
597,credit suisse
598,barclays
599,
600,bank america
601,goldman sachs
602,jp morgan
603,mo
604,sept cpi estimate
605,
606,credit suisse
607,barclays
608,
609,bank america
610,goldman sachs
611,jp morgan
612,mo
613,goldman sachs urrent activity indicator give month month view country economy
614,goldman sachs laporta tomorrow
615,elon musk want start family happen goldman sachs get pregnant move tj max
616,sept cpi estimate
617,
618,credit suisse
619,barclays
620,
621,bank america
622,goldman sachs
623,jp morgan
624,mo
625,goldman sachs g option c p ratio
626,
627,expiry date oct
628,
629,last traded price
630,
631,largest increase
632,sept cpi estimate
633,
634,credit suisse
635,barclays
636,
637,bank america
638,goldman sachs
639,jp morgan
640,mo
641,sept cpi estimate
642,
643,credit suisse
644,barclays
645,
646,bank america
647,goldman sachs
648,jp morgan
649,mo
650,sept cpi estimate
651,
652,credit suisse
653,barclays
654,
655,bank america
656,goldman sachs
657,jp morgan
658,mo
659,sept cpi estimate
660,
661,credit suisse
662,barclays
663,
664,bank america
665,goldman sachs
666,jp morgan
667,mo
668,sept cpi estimate
669,
670,credit suisse
671,barclays
672,
673,bank america
674,goldman sachs
675,jp morgan
676,mo
677,sept cpi estimate
678,
679,credit suisse
680,barclays
681,
682,bank america
683,goldman sachs
684,jp morgan
685,mo
686,sept cpi estimate
687,
688,credit suisse
689,barclays
690,
691,bank america
692,goldman sachs
693,jp morgan
694,mo
695,sept cpi estimate
696,
697,credit suisse
698,barclays
699,
700,bank america
701,goldman sachs
702,jp morgan
703,mo
704,sept cpi estimate
705,
706,credit suisse
707,barclays
708,
709,bank america
710,goldman sachs
711,jp morgan
712,mo
713,goldman sachs laporta tomorrow
714,sept cpi estimate
715,
716,credit suisse
717,barclays
718,
719,bank america
720,goldman sachs
721,jp morgan
722,mo
723,sept cpi estimate
724,
725,credit suisse
726,barclays
727,
728,bank america
729,goldman sachs
730,jp morgan
731,mo
732,sept cpi estimate
733,
734,credit suisse
735,barclays
736,
737,bank america
738,goldman sachs
739,jp morgan
740,mo
741,goldman sachs asks biotech research report curing patient sustainable business model
742,
743,sept cpi estimate
744,
745,credit suisse
746,barclays
747,
748,bank america
749,goldman sachs
750,jp morgan
751,mo
752,goldman sachs laporta tomorrow
753,goldman sachs laporta tomorrow
754,sept cpi estimate
755,
756,credit suisse
757,barclays
758,
759,bank america
760,goldman sachs
761,jp morgan
762,wlk goldman sachs initiate coverage neutral announces price target
763,
764,sign free beta ver
765,unvr goldman sachs initiate coverage neutral announces price target
766,
767,sign free beta
768,lyb goldman sachs initiate coverage sell announces price target
769,
770,sign free
771,lin goldman sachs initiate coverage buy announces price target
772,
773,sign free beta ver
774,kro goldman sachs initiate coverage sell announces price target
775,
776,sign free beta
777,hun goldman sachs initiate coverage sell announces price target
778,
779,sign free beta ver
780,esi goldman sachs initiate coverage neutral announces price target
781,
782,sign free
783,emn goldman sachs initiate coverage neutral announces price target
784,
785,sign free b
786,dow goldman sachs initiate coverage neutral announces price target
787,
788,sign free beta ver
789,cc goldman sachs initiate coverage neutral announces price target
790,
791,sign free beta ver
792,apd goldman sachs initiate coverage buy announces price target
793,
794,sign free
795,student short term anxious long term confident importantly
796,goldman sachs laporta tomorrow
797,big tech firm top landing spot recent goldman sachs tech departure could early si
798,goldman sachs laporta tomorrow
799,retail investor moved buying single stock call spx
800,
801,bullish going earnings seaso
802,vbergen trust goldman sachs lose credibility
803,goldman sachs laporta tomorrow
804,goldman sachs laporta tomorrow
805,microsoft corp msft surprised market q result goldman sachs changed rating hold microsoft
806,goldman sachs jpmorgan morgan stanley others like hire
807,
808,big tech firm top landing spot recent goldman sachs tech departure could early si
809,goldman sachs jpmorgan morgan stanley others like hire
810,
811,goldman sachs jpmorgan morgan stanley others like hire
812,
813,goldman sachs laporta tomorrow
814,auxipr cn goldman sachs j p morgan got security license hainan wang qishan term
815,business insider big tech firm top landing spot recent goldman sachs tech departure c
816,big tech firm top landing spot recent goldman sachs tech departure could early si
817,big tech firm top landing spot recent goldman sachs tech departure could early si
818,goldman sachs laporta tomorrow
819,cpi estimate tomorrow
820,
821,credit suisse
822,barclays
823,scotiabank
824,nomura
825,bmo
826,cibc
827,bank america
828,cpi estimate today release
829,
830,barclays
831,credit suisse
832,bank america
833,bmo
834,cibc
835,goldman sachs
836,cpi estimate tomorrow
837,
838,credit suisse
839,barclays
840,scotiabank
841,nomura
842,bmo
843,cibc
844,bank america
845,cpi estimate october
846,
847,credit suisse
848,barclays
849,scotiabank
850,nomura
851,bmo
852,cibc
853,europe fall recession russia climbing per goldman sachs
854,
855,
856,rand result hour bank reckon
857,
858,barclays
859,credit suisse
860,bank america
861,cibc
862,goldman sac
863,cpi estimate october
864,
865,credit suisse
866,barclays
867,scotiabank
868,nomura
869,bm
870,laporta amp co goldman sachs
871,goldman sachs laporta tomorrow
872,end day aoc green new deal greta thunberg de fossilize
873,goldman sachs laporta tomorrow
874,cpi estimate october
875,
876,credit suisse
877,barclays
878,scotiabank
879,nomura
880,bmo
881,cibc
882,result minute bank calling
883,
884,barclays
885,credit suisse
886,bank america
887,cibc
888,gold
889,great uk plc sale
890,result minute bank calling
891,
892,barclays
893,credit suisse
894,bank america
895,cibc
896,student short term anxious long term confident importantly
897,breaking news goldman sachs research best crypto recommendation dik
